{"Ball":{"x":0.559999942779541,"y":3.5200002193450928},"Points":[{"0":"[(0.06999993,2.3500001), (0.06,2.36), (0.26,2.35), (0.48,2.31), (0.73,2.28), (0.94,2.26), (1.19,2.26), (1.46,2.26), (1.67,2.26), (1.86,2.28), (2.11,2.29), (2.32,2.29), (2.58,2.29), (2.8,2.29), (2.82,2.06), (2.85,1.84), (2.88,1.64), (2.88,1.42), (3.06,1.31), (3.28,1.31), (3.48,1.29), (3.73,1.25), (3.95,1.25), (4.15,1.23), (4.4,1.2), (4.63,1.17), (4.83,1.13), (5.03,1.17), (5.11,1.39), (5.17,1.63), (5.2,1.86), (5.22,2.07), (5.24,2.27), (5.46,2.33), (5.68,2.39), (5.92,2.44), (6.12,2.46), (6.33,2.46), (6.54,2.46), (6.85,2.46), (7.15,2.46), (7.4,2.44), (7.68,2.44), (7.9,2.44), (7.98,2.44)]"}],"Star":{"x":6.519999980926514,"y":3.4600002765655518},"Texture":["(6.0,245.0)","(6.9999933,243.99998)","(6.0,244.0)","(7.9999924,243.99998)","(7.0,244.0)","(8.999991,243.99998)","(8.0,244.0)","(9.99999,243.99998)","(9.0,244.0)","(10.9999895,243.99998)","(10.0,244.0)","(13.000011,243.99998)","(13.0,244.0)","(14.0000105,243.99998)","(14.0,244.0)","(15.00001,243.99998)","(15.0,244.0)","(16.000008,243.99998)","(16.0,244.0)","(19.000006,243.99998)","(19.0,244.0)","(23.000002,244.99998)","(23.0,245.0)","(26.999998,244.99998)","(26.0,245.0)","(32.999992,245.99998)","(32.0,246.0)","(38.00001,246.99998)","(38.0,247.0)","(42.000008,248.0)","(42.0,248.0)","(45.000004,248.0)","(45.0,248.0)","(48.0,249.0)","(48.0,249.0)","(49.0,249.0)","(49.0,249.0)","(52.999996,249.0)","(52.0,249.0)","(63.00001,250.0)","(63.0,250.0)","(73.0,252.0)","(73.0,252.0)","(80.99999,252.0)","(80.0,252.0)","(86.999985,253.0)","(86.0,253.0)","(88.000015,253.0)","(88.0,253.0)","(90.00001,254.0)","(90.0,254.0)","(94.00001,254.0)","(94.0,254.0)","(105.99999,254.0)","(105.0,254.0)","(119.00001,254.0)","(119.0,254.0)","(133.0,254.0)","(133.0,254.0)","(146.0,254.0)","(146.0,254.0)","(157.00002,254.0)","(157.0,254.0)","(159.99998,254.0)","(159.0,254.0)","(163.00002,254.0)","(163.0,254.0)","(167.0,254.0)","(167.0,254.0)","(171.0,253.0)","(171.0,253.0)","(174.0,253.0)","(174.0,253.0)","(177.0,252.0)","(177.0,252.0)","(179.0,252.0)","(179.0,252.0)","(180.0,252.0)","(180.0,252.0)","(183.0,252.0)","(183.0,252.0)","(186.99998,252.0)","(186.0,252.0)","(203.0,251.0)","(203.0,251.0)","(211.99998,251.0)","(211.0,251.0)","(220.0,251.0)","(220.0,251.0)","(225.0,251.0)","(225.0,251.0)","(232.0,251.0)","(232.0,251.0)","(235.99998,251.0)","(235.0,251.0)","(238.00002,251.0)","(238.0,251.0)","(245.0,251.0)","(245.0,251.0)","(258.0,251.0)","(258.0,251.0)","(273.0,251.0)","(273.0,251.0)","(278.0,251.0)","(278.0,251.0)","(280.0,251.0)","(280.0,251.0)","(281.0,251.0)","(281.0,251.0)","(282.0,251.0)","(282.0,251.0)","(282.0,252.0)","(282.0,252.0)","(282.0,253.0)","(282.0,253.0)","(282.0,259.0)","(282.0,259.0)","(282.0,264.0)","(282.0,264.0)","(282.0,269.0)","(282.0,269.0)","(282.0,274.0)","(282.0,274.0)","(282.0,280.0)","(282.0,280.0)","(284.0,289.0)","(284.0,289.0)","(285.0,296.0)","(285.0,296.0)","(286.0,302.0)","(286.0,302.0)","(286.0,306.0)","(286.0,306.0)","(286.0,308.0)","(286.0,308.0)","(286.0,312.0)","(286.0,312.0)","(287.0,313.0)","(287.0,313.0)","(288.0,314.0)","(288.0,314.0)","(288.0,316.0)","(288.0,316.0)","(288.0,328.0)","(288.0,328.0)","(288.0,338.0)","(288.0,338.0)","(288.0,345.0)","(288.0,345.0)","(288.0,347.0)","(288.0,347.0)","(293.0,348.0)","(293.0,348.0)","(297.0,348.0)","(297.0,348.0)","(298.0,348.0)","(298.0,348.0)","(298.0,349.0)","(298.0,349.0)","(306.0,349.0)","(306.0,349.0)","(316.0,349.0)","(316.0,349.0)","(328.0,349.0)","(328.0,349.0)","(341.0,350.0)","(341.0,350.0)","(348.0,351.0)","(348.0,351.0)","(351.0,352.0)","(351.0,352.0)","(352.0,352.0)","(352.0,352.0)","(361.0,352.0)","(361.0,352.0)","(373.0,355.0)","(373.0,355.0)","(385.0,355.0)","(385.0,355.0)","(395.0,355.0)","(395.0,355.0)","(402.0,356.0)","(402.0,356.0)","(406.0,356.0)","(406.0,356.0)","(407.00003,357.0)","(407.0,357.0)","(408.0,357.0)","(408.0,357.0)","(415.0,357.0)","(415.0,357.0)","(425.0,358.0)","(425.0,358.0)","(432.00003,359.0)","(432.0,359.0)","(440.0,360.0)","(440.0,360.0)","(446.99997,361.0)","(446.0,361.0)","(453.00003,362.0)","(453.0,362.0)","(456.0,363.0)","(456.0,363.0)","(458.0,363.0)","(458.0,363.0)","(463.0,363.0)","(463.0,363.0)","(467.0,363.0)","(467.0,363.0)","(471.0,364.0)","(471.0,364.0)","(476.00003,365.0)","(476.0,365.0)","(483.0,367.0)","(483.0,367.0)","(492.0,368.0)","(492.0,368.0)","(496.0,369.0)","(496.0,369.0)","(496.99997,369.0)","(496.0,369.0)","(498.0,369.0)","(498.0,369.0)","(498.99997,368.0)","(498.0,368.0)","(501.00003,366.0)","(501.0,366.0)","(503.00003,363.0)","(503.0,363.0)","(504.0,360.0)","(504.0,360.0)","(506.0,355.0)","(506.0,355.0)","(509.0,350.0)","(509.0,350.0)","(509.0,349.0)","(509.0,349.0)","(509.0,346.0)","(509.0,346.0)","(511.0,341.0)","(511.0,341.0)","(512.0,339.0)","(512.0,339.0)","(512.0,337.0)","(512.0,337.0)","(513.0,333.0)","(513.0,333.0)","(514.0,329.0)","(514.0,329.0)","(516.0,322.0)","(516.0,322.0)","(517.0,317.0)","(517.0,317.0)","(518.0,310.0)","(518.0,310.0)","(518.0,305.0)","(518.0,305.0)","(518.0,299.0)","(518.0,299.0)","(520.0,294.0)","(520.0,294.0)","(521.0,287.0)","(521.0,287.0)","(521.0,284.0)","(521.0,284.0)","(521.0,280.0)","(521.0,280.0)","(522.0,278.0)","(522.0,278.0)","(522.0,273.0)","(522.0,273.0)","(524.0,267.0)","(524.0,267.0)","(524.0,263.0)","(524.0,263.0)","(524.0,262.0)","(524.0,262.0)","(524.0,259.0)","(524.0,259.0)","(524.0,256.0)","(524.0,256.0)","(524.0,254.0)","(524.0,254.0)","(524.0,253.0)","(524.0,253.0)","(525.0,253.0)","(525.0,253.0)","(526.0,252.0)","(526.0,252.0)","(527.0,252.0)","(527.0,252.0)","(530.0,252.0)","(530.0,252.0)","(534.0,251.0)","(534.0,251.0)","(546.0,246.99998)","(546.0,247.0)","(553.0,244.99998)","(553.0,245.0)","(560.0,241.99998)","(560.0,242.0)","(568.0,240.99998)","(568.0,241.0)","(575.0,238.0)","(575.0,238.0)","(580.0,238.0)","(580.0,238.0)","(587.0,236.99997)","(587.0,237.0)","(592.0,236.0)","(592.0,236.0)","(598.0,236.0)","(598.0,236.0)","(605.0,234.0)","(605.0,234.0)","(612.0,234.0)","(612.0,234.0)","(615.0,234.0)","(615.0,234.0)","(622.0,234.0)","(622.0,234.0)","(626.0,234.0)","(626.0,234.0)","(633.0,234.0)","(633.0,234.0)","(640.0,234.0)","(640.0,234.0)","(645.0,234.0)","(645.0,234.0)","(654.0,234.0)","(654.0,234.0)","(661.0,234.0)","(661.0,234.0)","(667.0,234.0)","(667.0,234.0)","(673.0,234.0)","(673.0,234.0)","(685.0,234.0)","(685.0,234.0)","(690.0,234.0)","(690.0,234.0)","(704.0,234.0)","(704.0,234.0)","(715.0,234.0)","(715.0,234.0)","(727.0,236.0)","(727.0,236.0)","(734.0,236.0)","(734.0,236.0)","(740.0,236.0)","(740.0,236.0)","(744.0,236.0)","(744.0,236.0)","(749.0,236.0)","(749.0,236.0)","(758.0,236.0)","(758.0,236.0)","(768.0,236.0)","(768.0,236.0)","(780.0,236.0)","(780.0,236.0)","(790.0,236.0)","(790.0,236.0)","(793.0,236.0)","(793.0,236.0)","(797.0,236.0)","(797.0,236.0)","(798.0,236.0)","(798.0,236.0)","(798.0,236.0)","(55.0,128.0)","(56.999992,130.99997)","(56.0,131.0)","(56.999992,131.99997)"]}