{"Ball":{"x":3.6600000858306885,"y":4.03000020980835},"Points":[{"0":"[(2.65,3.0), (2.66,3.0), (2.89,3.0), (3.1,3.0), (3.36,2.99), (3.57,2.97), (3.8,2.97), (4.02,2.97), (4.25,2.97), (4.52,2.97), (4.73,2.97), (4.94,2.97), (4.94,2.76), (4.82,2.59), (4.58,2.59), (4.34,2.59), (4.1,2.59), (3.89,2.59), (3.66,2.59), (3.44,2.59), (3.22,2.59), (3.01,2.59), (2.8,2.59), (2.59,2.59), (2.53,2.82), (2.66,2.98), (2.72,2.99)]","1":"[(2.66,1.3), (2.67,1.31), (2.88,1.31), (3.11,1.32), (3.4,1.32), (3.66,1.32), (3.88,1.32), (4.09,1.3), (4.31,1.28), (4.52,1.27), (4.73,1.27), (4.94,1.27), (4.98,1.06), (4.78,0.98), (4.53,0.98), (4.29,0.98), (4.09,1.0), (3.78,1.0), (3.57,1.01), (3.26,1.01), (3.01,1.02), (2.8,1.05), (2.61,1.14), (2.63,1.33)]"}],"Star":{"x":3.619999885559082,"y":2.1700000762939453},"Texture":["(265.0,180.0)","(266.0,180.0)","(266.0,180.0)","(267.0,180.0)","(267.0,180.0)","(268.0,180.0)","(268.0,180.0)","(269.0,180.0)","(269.0,180.0)","(270.0,180.0)","(270.0,180.0)","(272.0,180.0)","(272.0,180.0)","(274.0,180.0)","(274.0,180.0)","(278.0,180.0)","(278.0,180.0)","(279.0,180.0)","(279.0,180.0)","(280.0,180.0)","(280.0,180.0)","(282.0,180.0)","(282.0,180.0)","(283.0,180.0)","(283.0,180.0)","(285.0,180.0)","(285.0,180.0)","(289.0,180.0)","(289.0,180.0)","(290.0,180.0)","(290.0,180.0)","(292.0,180.0)","(292.0,180.0)","(295.0,180.0)","(295.0,180.0)","(298.0,180.0)","(298.0,180.0)","(303.0,180.0)","(303.0,180.0)","(306.0,180.0)","(306.0,180.0)","(309.0,180.0)","(309.0,180.0)","(310.0,180.0)","(310.0,180.0)","(312.0,180.0)","(312.0,180.0)","(317.0,180.0)","(317.0,180.0)","(324.0,180.0)","(324.0,180.0)","(330.0,180.0)","(330.0,180.0)","(336.0,181.0)","(336.0,181.0)","(340.0,182.0)","(340.0,182.0)","(345.0,182.0)","(345.0,182.0)","(347.0,183.0)","(347.0,183.0)","(351.0,183.0)","(351.0,183.0)","(355.0,183.0)","(355.0,183.0)","(357.0,183.0)","(357.0,183.0)","(362.0,183.0)","(362.0,183.0)","(366.0,183.0)","(366.0,183.0)","(370.0,183.0)","(370.0,183.0)","(375.0,183.0)","(375.0,183.0)","(380.0,183.0)","(380.0,183.0)","(383.0,183.0)","(383.0,183.0)","(386.0,183.0)","(386.0,183.0)","(387.0,183.0)","(387.0,183.0)","(390.0,183.0)","(390.0,183.0)","(392.0,183.0)","(392.0,183.0)","(395.0,183.0)","(395.0,183.0)","(397.0,183.0)","(397.0,183.0)","(399.0,183.0)","(399.0,183.0)","(402.0,183.0)","(402.0,183.0)","(406.0,183.0)","(406.0,183.0)","(411.0,183.0)","(411.0,183.0)","(414.0,183.0)","(414.0,183.0)","(416.0,183.0)","(416.0,183.0)","(417.99997,183.0)","(417.0,183.0)","(419.99997,183.0)","(419.0,183.0)","(425.0,183.0)","(425.0,183.0)","(429.0,183.0)","(429.0,183.0)","(430.00003,183.0)","(430.0,183.0)","(432.00003,183.0)","(432.0,183.0)","(433.0,183.0)","(433.0,183.0)","(435.0,183.0)","(435.0,183.0)","(438.0,183.0)","(438.0,183.0)","(440.0,183.0)","(440.0,183.0)","(444.99997,183.0)","(444.0,183.0)","(452.0,183.0)","(452.0,183.0)","(457.00003,183.0)","(457.0,183.0)","(463.0,183.0)","(463.0,183.0)","(467.0,183.0)","(467.0,183.0)","(467.99997,183.0)","(467.0,183.0)","(469.0,183.0)","(469.0,183.0)","(471.0,183.0)","(471.0,183.0)","(473.0,183.0)","(473.0,183.0)","(476.00003,183.0)","(476.0,183.0)","(477.0,183.0)","(477.0,183.0)","(479.0,183.0)","(479.0,183.0)","(480.00003,183.0)","(480.0,183.0)","(483.0,183.0)","(483.0,183.0)","(485.0,183.0)","(485.0,183.0)","(486.0,183.0)","(486.0,183.0)","(489.0,183.0)","(489.0,183.0)","(491.0,183.0)","(491.0,183.0)","(494.0,183.0)","(494.0,183.0)","(494.99997,183.0)","(494.0,183.0)","(494.99997,184.0)","(494.0,184.0)","(494.99997,185.0)","(494.0,185.0)","(494.99997,187.0)","(494.0,187.0)","(494.99997,189.0)","(494.0,189.0)","(494.99997,191.0)","(494.0,191.0)","(494.99997,192.0)","(494.0,192.0)","(494.99997,193.0)","(494.0,193.0)","(494.99997,195.0)","(494.0,195.0)","(494.99997,196.0)","(494.0,196.0)","(494.99997,198.99997)","(494.0,199.0)","(494.99997,202.0)","(494.0,202.0)","(494.99997,204.0)","(494.0,204.0)","(494.99997,206.0)","(494.0,206.0)","(494.99997,206.99997)","(494.0,207.0)","(494.99997,208.0)","(494.0,208.0)","(494.99997,208.99997)","(494.0,209.0)","(494.99997,211.0)","(494.0,211.0)","(494.99997,212.0)","(494.0,212.0)","(494.99997,213.0)","(494.0,213.0)","(494.99997,215.0)","(494.0,215.0)","(494.99997,217.0)","(494.0,217.0)","(494.99997,218.0)","(494.0,218.0)","(494.99997,220.0)","(494.0,220.0)","(494.99997,221.0)","(494.0,221.0)","(494.0,221.0)","(494.0,221.0)","(492.0,221.0)","(492.0,221.0)","(491.0,221.0)","(491.0,221.0)","(489.0,221.0)","(489.0,221.0)","(485.0,221.0)","(485.0,221.0)","(482.00003,221.0)","(482.0,221.0)","(478.00003,221.0)","(478.0,221.0)","(476.00003,221.0)","(476.0,221.0)","(475.0,221.0)","(475.0,221.0)","(473.0,221.0)","(473.0,221.0)","(471.99997,221.0)","(471.0,221.0)","(467.99997,221.0)","(467.0,221.0)","(463.0,221.0)","(463.0,221.0)","(458.0,221.0)","(458.0,221.0)","(451.00003,221.0)","(451.0,221.0)","(446.99997,221.0)","(446.0,221.0)","(444.0,221.0)","(444.0,221.0)","(440.0,221.0)","(440.0,221.0)","(434.0,221.0)","(434.0,221.0)","(427.0,221.0)","(427.0,221.0)","(423.0,221.0)","(423.0,221.0)","(419.99997,221.0)","(419.0,221.0)","(417.0,221.0)","(417.0,221.0)","(415.0,221.0)","(415.0,221.0)","(410.0,221.0)","(410.0,221.0)","(407.00003,221.0)","(407.0,221.0)","(404.0,221.0)","(404.0,221.0)","(403.00003,221.0)","(403.0,221.0)","(399.0,221.0)","(399.0,221.0)","(395.0,221.0)","(395.0,221.0)","(389.0,221.0)","(389.0,221.0)","(381.0,221.0)","(381.0,221.0)","(375.0,221.0)","(375.0,221.0)","(372.0,221.0)","(372.0,221.0)","(369.0,221.0)","(369.0,221.0)","(366.0,221.0)","(366.0,221.0)","(357.0,221.0)","(357.0,221.0)","(350.0,221.0)","(350.0,221.0)","(344.0,221.0)","(344.0,221.0)","(340.0,221.0)","(340.0,221.0)","(338.0,221.0)","(338.0,221.0)","(336.0,221.0)","(336.0,221.0)","(331.0,221.0)","(331.0,221.0)","(325.0,221.0)","(325.0,221.0)","(322.0,221.0)","(322.0,221.0)","(321.0,221.0)","(321.0,221.0)","(320.0,221.0)","(320.0,221.0)","(318.0,221.0)","(318.0,221.0)","(315.0,221.0)","(315.0,221.0)","(311.0,221.0)","(311.0,221.0)","(306.0,221.0)","(306.0,221.0)","(301.0,221.0)","(301.0,221.0)","(297.0,221.0)","(297.0,221.0)","(294.0,221.0)","(294.0,221.0)","(293.0,221.0)","(293.0,221.0)","(292.0,221.0)","(292.0,221.0)","(291.0,221.0)","(291.0,221.0)","(288.0,221.0)","(288.0,221.0)","(287.0,221.0)","(287.0,221.0)","(286.0,221.0)","(286.0,221.0)","(284.0,221.0)","(284.0,221.0)","(280.0,221.0)","(280.0,221.0)","(278.0,221.0)","(278.0,221.0)","(276.0,221.0)","(276.0,221.0)","(275.0,221.0)","(275.0,221.0)","(269.0,221.0)","(269.0,221.0)","(264.0,221.0)","(264.0,221.0)","(261.0,221.0)","(261.0,221.0)","(260.0,221.0)","(260.0,221.0)","(259.0,221.0)","(259.0,221.0)","(258.0,221.0)","(258.0,221.0)","(258.0,219.0)","(258.0,219.0)","(258.0,218.0)","(258.0,218.0)","(256.0,213.0)","(256.0,213.0)","(256.0,208.0)","(256.0,208.0)","(255.0,204.0)","(255.0,204.0)","(254.0,202.0)","(254.0,202.0)","(253.0,198.0)","(253.0,198.0)","(253.0,196.99997)","(253.0,197.0)","(252.0,195.0)","(252.0,195.0)","(252.0,194.0)","(252.0,194.0)","(252.0,191.0)","(252.0,191.0)","(252.0,189.0)","(252.0,189.0)","(251.0,187.0)","(251.0,187.0)","(251.0,185.0)","(251.0,185.0)","(251.0,184.0)","(251.0,184.0)","(251.0,183.0)","(251.0,183.0)","(251.0,182.0)","(251.0,182.0)","(252.0,182.0)","(252.0,182.0)","(253.0,182.0)","(253.0,182.0)","(255.0,182.0)","(255.0,182.0)","(257.0,182.0)","(257.0,182.0)","(258.0,182.0)","(258.0,182.0)","(260.0,182.0)","(260.0,182.0)","(263.0,182.0)","(263.0,182.0)","(266.0,182.0)","(266.0,182.0)","(267.0,182.0)","(267.0,182.0)","(270.0,181.0)","(270.0,181.0)","(271.0,181.0)","(271.0,181.0)","(272.0,181.0)","(272.0,181.0)","(272.0,181.0)","(266.0,350.0)","(267.0,349.0)","(267.0,349.0)","(268.0,349.0)","(268.0,349.0)","(269.0,349.0)","(269.0,349.0)","(270.0,349.0)","(270.0,349.0)","(272.0,349.0)","(272.0,349.0)","(275.0,349.0)","(275.0,349.0)","(276.0,349.0)","(276.0,349.0)","(278.0,349.0)","(278.0,349.0)","(281.0,349.0)","(281.0,349.0)","(285.0,349.0)","(285.0,349.0)","(288.0,349.0)","(288.0,349.0)","(289.0,349.0)","(289.0,349.0)","(291.0,349.0)",