{"Ball":{"x":0.7999999523162842,"y":3.6700000762939453},"Points":[{"0":"[(0.01999998,2.5800004), (0.03,2.58), (0.24,2.61), (0.49,2.61), (0.69,2.58), (0.92,2.58), (1.13,2.58), (1.36,2.55), (1.55,2.47), (1.75,2.43), (1.95,2.4), (2.16,2.35), (2.4,2.26), (2.6,2.19), (2.83,2.07), (3.03,2.04), (3.24,2.04), (3.44,2.04), (3.63,1.97), (3.83,1.88), (4.02,1.79), (4.19,1.66), (4.4,1.54), (4.67,1.46), (4.94,1.39), (5.19,1.33), (5.39,1.27), (5.6,1.21), (5.81,1.2), (6.03,1.24), (6.27,1.27), (6.47,1.26), (6.66,1.19), (6.87,1.15), (7.08,1.13), (7.3,1.15), (7.51,1.17), (7.74,1.18), (7.94,1.18), (8.14,1.18), (8.29,1.18)]"}],"Star":{"x":5.849999904632568,"y":2.2300000190734863},"Texture":["(1.0,222.0)","(3.9999962,221.99997)","(3.0,222.0)","(6.9999933,221.99997)","(6.0,222.0)","(8.999991,221.99997)","(8.0,222.0)","(9.99999,221.99997)","(9.0,222.0)","(10.9999895,221.0)","(10.0,221.0)","(16.000008,220.0)","(16.0,220.0)","(20.000004,220.0)","(20.0,220.0)","(24.0,219.0)","(24.0,219.0)","(26.999998,219.0)","(26.0,219.0)","(29.999996,219.0)","(29.0,219.0)","(30.999994,219.0)","(30.0,219.0)","(32.999992,219.0)","(32.0,219.0)","(36.000015,219.0)","(36.0,219.0)","(41.000008,219.0)","(41.0,219.0)","(49.0,219.0)","(49.0,219.0)","(52.999996,219.0)","(52.0,219.0)","(57.999992,220.0)","(57.0,220.0)","(61.000015,221.0)","(61.0,221.0)","(63.00001,221.99997)","(63.0,222.0)","(66.00001,221.99997)","(66.0,222.0)","(69.00001,221.99997)","(69.0,222.0)","(73.0,221.99997)","(73.0,222.0)","(75.0,221.99997)","(75.0,222.0)","(78.0,221.99997)","(78.0,222.0)","(79.0,221.99997)","(79.0,222.0)","(80.99999,221.99997)","(80.0,222.0)","(83.99999,221.99997)","(83.0,222.0)","(86.999985,221.99997)","(86.0,222.0)","(92.00001,221.99997)","(92.0,222.0)","(94.00001,221.99997)","(94.0,222.0)","(97.0,221.99997)","(97.0,222.0)","(99.0,221.99997)","(99.0,222.0)","(103.0,221.99997)","(103.0,222.0)","(104.99999,221.99997)","(104.0,222.0)","(109.000015,221.99997)","(109.0,222.0)","(113.999985,221.99997)","(113.0,222.0)","(117.00001,221.99997)","(117.0,222.0)","(121.0,221.99997)","(121.0,222.0)","(124.0,221.99997)","(124.0,222.0)","(126.0,222.99997)","(126.0,223.0)","(128.0,222.99997)","(128.0,223.0)","(129.0,222.99997)","(129.0,223.0)","(132.00002,223.99997)","(132.0,224.0)","(136.99998,224.99998)","(136.0,225.0)","(146.0,228.99997)","(146.0,229.0)","(151.0,230.99997)","(151.0,231.0)","(155.0,232.99997)","(155.0,233.0)","(158.0,232.99997)","(158.0,233.0)","(159.99998,234.0)","(159.0,234.0)","(161.00002,234.0)","(161.0,234.0)","(163.00002,234.0)","(163.0,234.0)","(163.99998,234.0)","(163.0,234.0)","(167.0,234.99997)","(167.0,235.0)","(169.0,236.0)","(169.0,236.0)","(170.0,236.0)","(170.0,236.0)","(172.0,236.0)","(172.0,236.0)","(173.0,236.0)","(173.0,236.0)","(175.0,236.99997)","(175.0,237.0)","(176.0,236.99997)","(176.0,237.0)","(179.0,236.99997)","(179.0,237.0)","(181.0,236.99997)","(181.0,237.0)","(184.00002,236.99997)","(184.0,237.0)","(186.99998,238.99997)","(186.0,239.0)","(188.99998,238.99997)","(188.0,239.0)","(192.0,239.99998)","(192.0,240.0)","(195.0,239.99998)","(195.0,240.0)","(198.0,240.99998)","(198.0,241.0)","(204.0,241.99998)","(204.0,242.0)","(208.99998,242.99998)","(208.0,243.0)","(211.99998,243.99998)","(211.0,244.0)","(213.00002,243.99998)","(213.0,244.0)","(216.00002,244.99998)","(216.0,245.0)","(219.0,246.99998)","(219.0,247.0)","(225.0,249.0)","(225.0,249.0)","(231.0,251.0)","(231.0,251.0)","(240.00002,254.0)","(240.0,254.0)","(250.0,256.0)","(250.0,256.0)","(254.0,258.0)","(254.0,258.0)","(257.0,260.0)","(257.0,260.0)","(260.0,261.0)","(260.0,261.0)","(263.0,262.0)","(263.0,262.0)","(265.0,262.0)","(265.0,262.0)","(269.0,263.0)","(269.0,263.0)","(270.0,264.0)","(270.0,264.0)","(273.0,266.0)","(273.0,266.0)","(276.0,268.0)","(276.0,268.0)","(283.0,273.0)","(283.0,273.0)","(287.0,274.0)","(287.0,274.0)","(295.0,276.0)","(295.0,276.0)","(301.0,276.0)","(301.0,276.0)","(303.0,276.0)","(303.0,276.0)","(304.0,276.0)","(304.0,276.0)","(305.0,276.0)","(305.0,276.0)","(307.0,276.0)","(307.0,276.0)","(310.0,276.0)","(310.0,276.0)","(314.0,276.0)","(314.0,276.0)","(318.0,276.0)","(318.0,276.0)","(324.0,276.0)","(324.0,276.0)","(329.0,276.0)","(329.0,276.0)","(335.0,276.0)","(335.0,276.0)","(340.0,276.0)","(340.0,276.0)","(344.0,276.0)","(344.0,276.0)","(346.0,276.0)","(346.0,276.0)","(347.0,277.0)","(347.0,277.0)","(351.0,279.0)","(351.0,279.0)","(357.0,281.0)","(357.0,281.0)","(363.0,283.0)","(363.0,283.0)","(369.0,284.0)","(369.0,284.0)","(373.0,287.0)","(373.0,287.0)","(376.0,288.0)","(376.0,288.0)","(379.0,289.0)","(379.0,289.0)","(383.0,292.0)","(383.0,292.0)","(386.0,293.0)","(386.0,293.0)","(390.0,294.0)","(390.0,294.0)","(394.0,296.0)","(394.0,296.0)","(398.0,299.0)","(398.0,299.0)","(402.0,301.0)","(402.0,301.0)","(403.00003,302.0)","(403.0,302.0)","(406.0,303.0)","(406.0,303.0)","(408.0,305.0)","(408.0,305.0)","(411.0,307.0)","(411.0,307.0)","(415.0,310.0)","(415.0,310.0)","(419.0,314.0)","(419.0,314.0)","(421.0,316.0)","(421.0,316.0)","(425.0,317.0)","(425.0,317.0)","(428.00003,319.0)","(428.0,319.0)","(429.0,320.0)","(429.0,320.0)","(434.0,322.0)","(434.0,322.0)","(436.0,323.0)","(436.0,323.0)","(440.0,326.0)","(440.0,326.0)","(442.99997,327.0)","(442.0,327.0)","(446.0,329.0)","(446.0,329.0)","(448.99997,329.0)","(448.0,329.0)","(458.0,331.0)","(458.0,331.0)","(467.0,334.0)","(467.0,334.0)","(473.99997,336.0)","(473.0,336.0)","(478.00003,337.0)","(478.0,337.0)","(480.00003,338.0)","(480.0,338.0)","(482.00003,338.0)","(482.0,338.0)","(486.0,338.0)","(486.0,338.0)","(494.99997,341.0)","(494.0,341.0)","(500.0,342.0)","(500.0,342.0)","(503.00003,343.0)","(503.0,343.0)","(506.0,345.0)","(506.0,345.0)","(510.0,345.0)","(510.0,345.0)","(519.0,347.0)","(519.0,347.0)","(526.0,350.0)","(526.0,350.0)","(533.0,351.0)","(533.0,351.0)","(539.0,353.0)","(539.0,353.0)","(546.0,354.0)","(546.0,354.0)","(549.0,354.0)","(549.0,354.0)","(553.0,355.0)","(553.0,355.0)","(557.0,358.0)","(557.0,358.0)","(560.0,359.0)","(560.0,359.0)","(561.0,360.0)","(561.0,360.0)","(564.0,360.0)","(564.0,360.0)","(566.0,360.0)","(566.0,360.0)","(571.0,360.0)","(571.0,360.0)","(579.0,360.0)","(579.0,360.0)","(581.0,360.0)","(581.0,360.0)","(584.0,360.0)","(584.0,360.0)","(586.0,360.0)","(586.0,360.0)","(591.0,359.0)","(591.0,359.0)","(595.0,357.0)","(595.0,357.0)","(598.0,356.0)","(598.0,356.0)","(600.0,356.0)","(600.0,356.0)","(603.0,356.0)","(603.0,356.0)","(613.0,353.0)","(613.0,353.0)","(621.0,353.0)","(621.0,353.0)","(627.0,353.0)","(627.0,353.0)","(632.0,353.0)","(632.0,353.0)","(634.0,353.0)","(634.0,353.0)","(637.0,353.0)","(637.0,353.0)","(641.0,353.0)","(641.0,353.0)","(643.0,353.0)","(643.0,353.0)","(645.0,353.0)","(645.0,353.0)","(647.0,354.0)","(647.0,354.0)","(649.0,354.0)","(649.0,354.0)","(652.0,356.0)","(652.0,356.0)","(657.0,358.0)","(657.0,358.0)","(666.0,361.0)","(666.0,361.0)","(672.0,362.0)","(672.0,362.0)","(677.0,363.0)","(677.0,363.0)","(682.0,365.0)","(682.0,365.0)","(684.0,365.0)","(684.0,365.0)","(685.0,365.0)","(685.0,365.0)","(687.0,365.0)","(687.0,365.0)","(691.0,366.0)","(691.0,366.0)","(695.0,366.0)","(695.0,366.0)","(700.0,367.0)","(700.0,367.0)","(705.0,367.0)","(705.0,367.0)","(706.0,367.0)","(706.0,367.0)","(708.0,367.0)","(708.0,367.0)","(709.0,367.0)","(709.0,367.0)","(711.0,367.0)","(711.0,367.0)","(717.0,367.0)","(717.0,367.0)","(720.0,367.0)","(720.0,367.0)","(725.0,366.0)","(725.0,366.0)","(730.0,365.0)","(730.0,365.0)","(736.0,364.0)","(736.0,364.0)","(740.0,363.0)","(740.0,363.0)","(745.0,363.0)","(745.0,363.0)","(751.0,363.0)","(751.0,363.0)","(756.0,363.0)","(756.0,363.0)","(762.0,363.0)","(762.0,363.0)","(767.0,362.0)","(767.0,362.0)","(770.0,362.0)","(770.0,362.0)","(774.0,362.0)","(774.0,362.0)","(781.0,362.0)","(781.0,362.0)","(785.0,362.0)","(785.0,362.0)","(788.0,362.0)","(788.0,362.0)","(791.0,362.0)","(791.0,362.0)","(794.0,362.0)","(794.0,362.0)","(795.0,362.0)","(795.0,362.0)","(799.0,362.0)","(799.0,362.0)","(802.00006,362.0)","(802.0,362.0)","(806.00006,362.0)","(806.0,