{"Ball":{"x":2.1600000858306885,"y":4.25},"Points":[{"0":"[(1.04,3.5500002), (1.04,3.55), (1.27,3.56), (1.47,3.56), (1.67,3.56), (1.88,3.56), (2.14,3.56), (2.35,3.56), (2.55,3.58), (2.76,3.59), (2.86,3.4), (2.71,3.25), (2.5,3.25), (2.26,3.25), (2.03,3.25), (1.82,3.26), (1.61,3.26), (1.4,3.28), (1.19,3.28), (0.99,3.3), (0.99,3.5), (1.09,3.56)]","1":"[(4.9,1.92), (4.91,1.92), (5.12,1.92), (5.33,1.91), (5.54,1.87), (5.77,1.84), (5.98,1.81), (6.19,1.8), (6.4,1.8), (6.61,1.8), (6.82,1.8), (7.05,1.8), (7.03,1.6), (6.84,1.52), (6.63,1.52), (6.43,1.54), (6.21,1.54), (6.0,1.54), (5.77,1.54), (5.55,1.55), (5.34,1.58), (5.14,1.58), (4.94,1.59), (4.91,1.79), (4.9,1.89)]"}],"Star":{"x":6.369999885559082,"y":2.640000104904175},"Texture":["(104.0,125.0)","(104.99999,124.99997)","(104.0,125.0)","(105.99999,124.99997)","(105.0,125.0)","(109.000015,124.99997)","(109.0,125.0)","(111.000015,124.99997)","(111.0,125.0)","(113.000015,124.99997)","(113.0,125.0)","(115.00001,124.99997)","(115.0,125.0)","(117.00001,124.99997)","(117.0,125.0)","(117.999985,123.99997)","(117.0,124.0)","(120.00001,123.99997)","(120.0,124.0)","(123.0,123.99997)","(123.0,124.0)","(127.0,123.99997)","(127.0,124.0)","(129.0,123.99997)","(129.0,124.0)","(131.0,123.99997)","(131.0,124.0)","(134.00002,123.99997)","(134.0,124.0)","(134.99998,123.99997)","(134.0,124.0)","(136.99998,123.99997)","(136.0,124.0)","(140.99998,123.99997)","(140.0,124.0)","(144.0,123.99997)","(144.0,124.0)","(147.0,123.99997)","(147.0,124.0)","(151.0,123.99997)","(151.0,124.0)","(157.00002,123.99997)","(157.0,124.0)","(159.99998,123.99997)","(159.0,124.0)","(163.99998,123.99997)","(163.0,124.0)","(167.99998,123.99997)","(167.0,124.0)","(172.0,123.99997)","(172.0,124.0)","(175.0,123.99997)","(175.0,124.0)","(178.0,123.99997)","(178.0,124.0)","(182.00002,123.99997)","(182.0,124.0)","(184.99998,123.99997)","(184.0,124.0)","(188.99998,123.99997)","(188.0,124.0)","(195.0,123.99997)","(195.0,124.0)","(198.0,123.99997)","(198.0,124.0)","(201.0,123.99997)","(201.0,124.0)","(206.0,123.99997)","(206.0,124.0)","(214.00002,123.99997)","(214.0,124.0)","(221.0,123.99997)","(221.0,124.0)","(225.0,123.99997)","(225.0,124.0)","(228.0,123.99997)","(228.0,124.0)","(229.0,123.99997)","(229.0,124.0)","(232.0,123.99997)","(232.0,124.0)","(235.99998,123.99997)","(235.0,124.0)","(238.00002,123.99997)","(238.0,124.0)","(243.0,123.99997)","(243.0,124.0)","(249.0,123.99997)","(249.0,124.0)","(252.0,123.99997)","(252.0,124.0)","(255.0,121.99997)","(255.0,122.0)","(257.0,121.99997)","(257.0,122.0)","(259.0,121.99997)","(259.0,122.0)","(260.0,121.99997)","(260.0,122.0)","(261.0,121.99997)","(261.0,122.0)","(262.0,121.99997)","(262.0,122.0)","(265.0,121.99997)","(265.0,122.0)","(269.0,121.0)","(269.0,121.0)","(273.0,121.0)","(273.0,121.0)","(276.0,121.0)","(276.0,121.0)","(277.0,121.0)","(277.0,121.0)","(278.0,121.0)","(278.0,121.0)","(280.0,121.0)","(280.0,121.0)","(282.0,121.0)","(282.0,121.0)","(283.0,121.0)","(283.0,121.0)","(285.0,121.0)","(285.0,121.0)","(286.0,121.0)","(286.0,121.0)","(286.0,121.99997)","(286.0,122.0)","(286.0,124.99997)","(286.0,125.0)","(286.0,126.99997)","(286.0,127.0)","(286.0,127.99997)","(286.0,128.0)","(286.0,129.99997)","(286.0,130.0)","(286.0,130.99997)","(286.0,131.0)","(286.0,132.99997)","(286.0,133.0)","(286.0,133.99997)","(286.0,134.0)","(286.0,136.0)","(286.0,136.0)","(286.0,136.99997)","(286.0,137.0)","(286.0,138.0)","(286.0,138.0)","(286.0,140.0)","(286.0,140.0)","(286.0,141.0)","(286.0,141.0)","(286.0,142.0)","(286.0,142.0)","(287.0,144.0)","(287.0,144.0)","(287.0,146.0)","(287.0,146.0)","(287.0,146.99997)","(287.0,147.0)","(287.0,147.99997)","(287.0,148.0)","(287.0,148.99997)","(287.0,149.0)","(287.0,149.99997)","(287.0,150.0)","(287.0,151.0)","(287.0,151.0)","(287.0,151.99997)","(287.0,152.0)","(287.0,153.0)","(287.0,153.0)","(287.0,153.99997)","(287.0,154.0)","(287.0,155.0)","(287.0,155.0)","(284.0,155.0)","(284.0,155.0)","(281.0,155.0)","(281.0,155.0)","(277.0,155.0)","(277.0,155.0)","(275.0,155.0)","(275.0,155.0)","(273.0,155.0)","(273.0,155.0)","(271.0,155.0)","(271.0,155.0)","(269.0,155.0)","(269.0,155.0)","(266.0,155.0)","(266.0,155.0)","(262.0,155.0)","(262.0,155.0)","(258.0,155.0)","(258.0,155.0)","(255.0,155.0)","(255.0,155.0)","(252.0,155.0)","(252.0,155.0)","(250.0,155.0)","(250.0,155.0)","(249.0,155.0)","(249.0,155.0)","(247.0,155.0)","(247.0,155.0)","(245.0,155.0)","(245.0,155.0)","(242.0,155.0)","(242.0,155.0)","(239.00002,155.0)","(239.0,155.0)","(235.99998,155.0)","(235.0,155.0)","(233.99998,155.0)","(233.0,155.0)","(233.0,155.0)","(233.0,155.0)","(230.0,155.0)","(230.0,155.0)","(226.0,155.0)","(226.0,155.0)","(224.0,155.0)","(224.0,155.0)","(221.0,155.0)","(221.0,155.0)","(219.0,155.0)","(219.0,155.0)","(217.0,155.0)","(217.0,155.0)","(214.00002,155.0)","(214.0,155.0)","(211.99998,155.0)","(211.0,155.0)","(208.0,155.0)","(208.0,155.0)","(206.0,155.0)","(206.0,155.0)","(203.0,155.0)","(203.0,155.0)","(201.0,155.0)","(201.0,155.0)","(198.0,155.0)","(198.0,155.0)","(195.0,155.0)","(195.0,155.0)","(192.0,155.0)","(192.0,155.0)","(188.00002,153.99997)","(188.0,154.0)","(186.00002,153.99997)","(186.0,154.0)","(184.00002,153.99997)","(184.0,154.0)","(182.00002,153.99997)","(182.0,154.0)","(179.0,153.99997)","(179.0,154.0)","(176.0,153.99997)","(176.0,154.0)","(174.0,153.99997)","(174.0,154.0)","(173.0,153.99997)","(173.0,154.0)","(170.0,153.99997)","(170.0,154.0)","(165.99998,153.99997)","(165.0,154.0)","(161.99998,153.99997)","(161.0,154.0)","(157.00002,153.99997)","(157.0,154.0)","(153.0,153.99997)","(153.0,154.0)","(149.0,153.0)","(149.0,153.0)","(146.0,153.0)","(146.0,153.0)","(142.0,153.0)","(142.0,153.0)","(140.00002,151.99997)","(140.0,152.0)","(138.00002,151.99997)","(138.0,152.0)","(134.99998,151.99997)","(134.0,152.0)","(131.0,151.99997)","(131.0,152.0)","(127.0,151.99997)","(127.0,152.0)","(124.0,151.99997)","(124.0,152.0)","(119.00001,151.99997)","(119.0,152.0)","(117.00001,151.99997)","(117.0,152.0)","(113.999985,151.99997)","(113.0,152.0)","(111.999985,151.99997)","(111.0,152.0)","(109.000015,151.99997)","(109.0,152.0)","(105.99999,151.0)","(105.0,151.0)","(104.0,151.0)","(104.0,151.0)","(102.0,149.99997)","(102.0,150.0)","(101.0,149.99997)","(101.0,150.0)","(100.0,149.99997)","(100.0,150.0)","(99.0,149.99997)","(99.0,150.0)","(99.0,146.99997)","(99.0,147.0)","(99.0,144.0)","(99.0,144.0)","(99.0,141.0)","(99.0,141.0)","(99.0,140.0)","(99.0,140.0)","(99.0,138.0)","(99.0,138.0)","(99.0,134.99997)","(99.0,135.0)","(99.0,133.99997)","(99.0,134.0)","(99.0,131.99997)","(99.0,132.0)","(99.0,130.99997)","(99.0,131.0)","(99.0,129.99997)","(99.0,130.0)","(99.0,128.99997)","(99.0,129.0)","(99.0,127.99997)","(99.0,128.0)","(99.0,126.99997)","(99.0,127.0)","(99.0,125.99997)","(99.0,126.0)","(99.0,124.99997)","(99.0,125.0)","(99.0,123.99997)","(99.0,124.0)","(101.0,123.99997)","(101.0,124.0)","(102.0,123.99997)","(102.0,124.0)","(104.0,123.99997)","(104.0,124.0)","(104.99999,123.99997)","(104.0,124.0)","(107.99999,123.99997)","(107.0,124.0)","(109.99999,123.99997)","(109.0,124.0)","(109.0,124.0)","(490.0,288.0)","(491.0,288.0)","(491.0,288.0)","(492.99997,288.0)","(492.0,288.0)","(494.0,288.0)","(494.0,288.0)","(496.99997,288.0)","(496.0,288.0)","(501.00003,288.0)","(501.0,288.0)","(503.00003,288.0)","(503.0,288.0)","(504.0,288.0)","(504.0,288.0)","(506.0,288.0)","(506.0,288.0)","(507.00003,288.0)","(507.0,288.0)","(509.0,288.0)","(509.0,288.0)","(512.0,288.0)","(512.0,288.0)","(518.0,288.0)","(518.0,288.0)","(522.0,289.0)","(522.0,289.0)","(525.0,289.0)","(525.0,289.0)","(527.0,289.0)","(527.0,289.0)","(529.0,289.0)","(529.0,289.0)","(533.0,289.0)","(533.0,289.0)","(536.0,291.0)","(536.0,291.0)","(541.0,292.0)","(541.0,292.0)","(548.0,292.0)","(548.0,292.0)","(554.0,293.0)","(554.0,293.0)","(558.0,293.0)","(558.0,293.0)","(563.0,295.0)","(563.0,295.0)","(566.0,295.0)","(566.0,295.0)","(570.0,296.0)","(570.0,296.0)","(577.0,296.0)","(577.0,296.0)","(584.0,298.0)","(584.0,298.0)","(590.0,299.0)","(590.0,