{"Ball":{"x":1.7200000286102295,"y":3.0999999046325684},"Points":[{"0":"[(0.0,2.3), (0.01,2.29), (0.21,2.18), (0.43,2.13), (0.65,2.08), (0.88,2.04), (1.11,2.02), (1.31,1.99), (1.57,1.99), (1.78,1.99), (2.03,1.99), (2.25,1.99), (2.48,1.99), (2.7,1.99), (2.93,1.98), (2.96,1.76), (2.96,1.54), (2.96,1.33), (2.96,1.12), (2.97,0.9), (2.97,0.69), (2.97,0.47), (2.97,0.26), (2.97,0.05), (2.98,0.02)]","1":"[(4.83,0.049999952), (4.83,0.05), (4.83,0.27), (4.83,0.47), (4.83,0.72), (4.83,0.92), (4.83,1.14), (4.83,1.39), (4.83,1.64), (4.83,1.85), (4.83,2.06), (4.83,2.27), (4.83,2.48), (4.83,2.7), (4.92,2.89), (5.13,2.89), (5.44,2.89), (5.71,2.89), (5.92,2.89), (5.97,2.67), (6.03,2.46), (6.12,2.27), (6.23,2.09), (6.37,1.93), (6.59,1.83), (6.83,1.82), (7.04,1.82), (7.26,1.91), (7.41,2.07), (7.54,2.3), (7.61,2.49), (7.67,2.7), (7.72,2.91), (7.78,3.14), (7.81,3.34), (8.01,3.41), (8.16,3.43)]"}],"Star":{"x":6.809999942779541,"y":3.0399999618530273},"Texture":["(0.0,250.0)","(1.9999981,251.0)","(1.0,251.0)","(3.9999962,252.0)","(3.0,252.0)","(4.999995,252.0)","(4.0,252.0)","(5.9999943,254.0)","(5.0,254.0)","(8.999991,255.0)","(8.0,255.0)","(13.000011,257.0)","(13.0,257.0)","(16.000008,259.0)","(16.0,259.0)","(21.000004,262.0)","(21.0,262.0)","(25.0,262.0)","(25.0,262.0)","(26.999998,263.0)","(26.0,263.0)","(32.999992,265.0)","(32.0,265.0)","(36.000015,265.0)","(36.0,265.0)","(38.999985,266.0)","(38.0,266.0)","(43.000008,267.0)","(43.0,267.0)","(51.0,268.0)","(51.0,268.0)","(56.999992,271.0)","(56.0,271.0)","(65.00001,272.0)","(65.0,272.0)","(71.0,274.0)","(71.0,274.0)","(76.0,274.0)","(76.0,274.0)","(78.0,275.0)","(78.0,275.0)","(79.0,275.0)","(79.0,275.0)","(82.99999,275.0)","(82.0,275.0)","(88.000015,276.0)","(88.0,276.0)","(93.00001,277.0)","(93.0,277.0)","(98.0,277.0)","(98.0,277.0)","(104.0,278.0)","(104.0,278.0)","(111.000015,278.0)","(111.0,278.0)","(119.00001,281.0)","(119.0,281.0)","(123.0,281.0)","(123.0,281.0)","(128.0,281.0)","(128.0,281.0)","(131.0,281.0)","(131.0,281.0)","(134.00002,281.0)","(134.0,281.0)","(140.00002,281.0)","(140.0,281.0)","(149.0,281.0)","(149.0,281.0)","(157.00002,281.0)","(157.0,281.0)","(163.99998,281.0)","(163.0,281.0)","(170.0,281.0)","(170.0,281.0)","(172.0,281.0)","(172.0,281.0)","(175.0,281.0)","(175.0,281.0)","(176.0,281.0)","(176.0,281.0)","(178.0,281.0)","(178.0,281.0)","(182.00002,281.0)","(182.0,281.0)","(188.00002,281.0)","(188.0,281.0)","(190.00002,281.0)","(190.0,281.0)","(197.0,281.0)","(197.0,281.0)","(203.0,281.0)","(203.0,281.0)","(208.99998,281.0)","(208.0,281.0)","(215.00002,281.0)","(215.0,281.0)","(219.0,281.0)","(219.0,281.0)","(223.0,281.0)","(223.0,281.0)","(225.0,281.0)","(225.0,281.0)","(228.0,281.0)","(228.0,281.0)","(231.0,281.0)","(231.0,281.0)","(235.99998,281.0)","(235.0,281.0)","(241.00002,281.0)","(241.0,281.0)","(248.0,281.0)","(248.0,281.0)","(251.0,281.0)","(251.0,281.0)","(255.0,281.0)","(255.0,281.0)","(262.0,281.0)","(262.0,281.0)","(270.0,281.0)","(270.0,281.0)","(277.0,282.0)","(277.0,282.0)","(280.0,282.0)","(280.0,282.0)","(281.0,282.0)","(281.0,282.0)","(283.0,282.0)","(283.0,282.0)","(284.0,282.0)","(284.0,282.0)","(285.0,282.0)","(285.0,282.0)","(286.0,282.0)","(286.0,282.0)","(288.0,282.0)","(288.0,282.0)","(289.0,282.0)","(289.0,282.0)","(293.0,282.0)","(293.0,282.0)","(294.0,282.0)","(294.0,282.0)","(295.0,282.0)","(295.0,282.0)","(296.0,283.0)","(296.0,283.0)","(296.0,284.0)","(296.0,284.0)","(296.0,286.0)","(296.0,286.0)","(296.0,289.0)","(296.0,289.0)","(296.0,292.0)","(296.0,292.0)","(296.0,296.0)","(296.0,296.0)","(296.0,300.0)","(296.0,300.0)","(296.0,304.0)","(296.0,304.0)","(296.0,310.0)","(296.0,310.0)","(296.0,318.0)","(296.0,318.0)","(296.0,322.0)","(296.0,322.0)","(296.0,326.0)","(296.0,326.0)","(296.0,330.0)","(296.0,330.0)","(296.0,333.0)","(296.0,333.0)","(296.0,337.0)","(296.0,337.0)","(296.0,342.0)","(296.0,342.0)","(296.0,347.0)","(296.0,347.0)","(296.0,351.0)","(296.0,351.0)","(296.0,355.0)","(296.0,355.0)","(296.0,361.0)","(296.0,361.0)","(296.0,368.0)","(296.0,368.0)","(297.0,373.0)","(297.0,373.0)","(297.0,377.0)","(297.0,377.0)","(297.0,382.0)","(297.0,382.0)","(297.0,386.0)","(297.0,386.0)","(297.0,390.0)","(297.0,390.0)","(297.0,394.0)","(297.0,394.0)","(297.0,398.0)","(297.0,398.0)","(297.0,403.0)","(297.0,403.0)","(297.0,408.0)","(297.0,408.0)","(297.0,410.0)","(297.0,411.0)","(297.0,413.0)","(297.0,413.0)","(297.0,414.0)","(297.0,414.0)","(297.0,416.0)","(297.0,416.0)","(297.0,418.0)","(297.0,418.0)","(297.0,421.0)","(297.0,421.0)","(297.0,423.0)","(297.0,423.0)","(297.0,427.0)","(297.0,428.0)","(297.0,430.0)","(297.0,430.0)","(297.0,433.0)","(297.0,433.0)","(297.0,438.0)","(297.0,438.0)","(297.0,441.0)","(297.0,441.0)","(297.0,444.0)","(297.0,445.0)","(297.0,446.0)","(297.0,447.0)","(297.0,447.0)","(297.0,448.0)","(297.0,449.0)","(297.0,450.0)","(297.0,452.0)","(297.0,453.0)","(297.0,454.0)","(297.0,454.0)","(297.0,457.0)","(297.0,457.0)","(297.0,459.0)","(297.0,459.0)","(297.0,461.0)","(297.0,461.0)","(297.0,463.0)","(297.0,463.0)","(297.0,466.0)","(297.0,466.0)","(297.0,468.0)","(297.0,468.0)","(297.0,469.0)","(297.0,469.0)","(297.0,471.0)","(297.0,471.0)","(297.0,474.0)","(297.0,475.0)","(298.0,475.0)","(298.0,476.0)","(298.0,477.0)","(298.0,478.0)","(298.0,478.0)","(483.0,476.0)","(483.0,474.0)","(483.0,475.0)","(483.0,470.0)","(483.0,470.0)","(483.0,465.0)","(483.0,465.0)","(483.0,461.0)","(483.0,461.0)","(483.0,456.0)","(483.0,456.0)","(483.0,452.0)","(483.0,453.0)","(483.0,447.0)","(483.0,448.0)","(483.0,443.0)","(483.0,443.0)","(483.0,438.0)","(483.0,438.0)","(483.0,433.0)","(483.0,433.0)","(483.0,427.0)","(483.0,428.0)","(483.0,426.0)","(483.0,426.0)","(483.0,419.0)","(483.0,419.0)","(483.0,414.0)","(483.0,414.0)","(483.0,408.0)","(483.0,408.0)","(483.0,402.0)","(483.0,402.0)","(483.0,396.0)","(483.0,396.0)","(483.0,392.0)","(483.0,392.0)","(483.0,388.0)","(483.0,388.0)","(483.0,383.0)","(483.0,383.0)","(483.0,378.0)","(483.0,378.0)","(483.0,373.0)","(483.0,373.0)","(483.0,366.0)","(483.0,366.0)","(483.0,361.0)","(483.0,361.0)","(483.0,357.0)","(483.0,357.0)","(483.0,352.0)","(483.0,352.0)","(483.0,348.0)","(483.0,348.0)","(483.0,341.0)","(483.0,341.0)","(483.0,335.0)","(483.0,335.0)","(483.0,330.0)","(483.0,330.0)","(483.0,326.0)","(483.0,326.0)","(483.0,322.0)","(483.0,322.0)","(483.0,316.0)","(483.0,316.0)","(483.0,312.0)","(483.0,312.0)","(483.0,308.0)","(483.0,308.0)","(483.0,303.0)","(483.0,303.0)","(483.0,299.0)","(483.0,299.0)","(483.0,295.0)","(483.0,295.0)","(483.0,291.0)","(483.0,291.0)","(483.0,288.0)","(483.0,288.0)","(483.0,286.0)","(483.0,286.0)","(483.0,284.0)","(483.0,284.0)","(483.0,281.0)","(483.0,281.0)","(483.0,278.0)","(483.0,278.0)","(483.0,274.0)","(483.0,274.0)","(483.0,272.0)","(483.0,272.0)","(483.0,270.0)","(483.0,270.0)","(483.0,266.0)","(483.0,266.0)","(483.0,263.0)","(483.0,263.0)","(483.0,260.0)","(483.0,260.0)","(483.0,256.0)","(483.0,256.0)","(483.0,253.0)","(483.0,253.0)","(483.0,249.0)","(483.0,249.0)","(483.0,246.99998)","(483.0,247.0)","(483.0,245.99998)","(483.0,246.0)","(483.0,242.99998)","(483.0,243.0)","(483.0,238.0)","(483.0,238.0)","(483.0,234.99997)","(483.0,235.0)","(483.0,232.0)","(483.0,232.0)","(483.0,230.0)","(483.0,230.0)","(483.0,228.0)","(483.0,228.0)","(483.0,224.99998)","(483.0,225.0)","(483.0,222.99997)","(483.0,223.0)","(483.0,220.0)","(483.0,220.0)","(483.0,219.0)","(483.0,219.0)","(483.0,216.0)","(483.0,216.0)","(483.0,212.0)","(483.0,212.0)","(483.0,210.0)","(483.0,210.0)","(483.0,206.99997)","(483.0,207.0)","(483.0,206.0)","(483.0,206.0)","(483.0,204.99997)","(483.0,205.0)","(483.0,204.0)","(483.0,204.0)","(483.0,202.99997)","(483.0,203.0)","(483.0,200.99997)","(483.0,201.0)","(483.0,198.99997)","(483.0,199.0)","(483.0,198.0)","(483.0,198.0)","(483.0,196.99997)","(483.0,197.0)","(483.0,196.0)","(483.0,196.0)","(483.0,194.0)","(483.0,194.0)","(483.0,193.0)","(483.0,193.0)","(483.0,192.0)","(483.0,192.0)","(483.0,191.0)","(483.0,191.0)","(484.0,191.0)","(484.0,191.0)","(486.0,191.0)",