{"Ball":{"x":1.4700000286102295,"y":1.4500000476837158},"Points":[{"0":"[(0.00999999,0.8000001), (0.0,0.79), (0.26,0.76), (0.52,0.74), (0.74,0.74), (0.94,0.73), (1.15,0.69), (1.36,0.67), (1.58,0.67), (1.88,0.67), (2.17,0.66), (2.44,0.66), (2.72,0.66), (2.97,0.67), (3.17,0.69), (3.37,0.73), (3.63,0.76), (3.84,0.79), (4.11,0.8), (4.38,0.84), (4.63,0.84), (4.92,0.91), (5.18,0.93), (5.38,0.94), (5.6,0.94), (5.84,0.94), (6.04,0.94), (6.34,0.94), (6.57,0.94), (6.8,0.94), (7.07,0.94), (7.32,0.94), (7.6,0.94), (7.8,0.94), (7.94,0.94)]","1":"[(3.06,0.71), (3.05,0.73), (3.12,0.92), (3.21,1.11), (3.3,1.3), (3.41,1.57), (3.48,1.76), (3.58,1.95), (3.68,2.15), (3.76,2.34), (3.82,2.55), (4.02,2.5), (4.16,2.33), (4.32,2.12), (4.48,1.94), (4.64,1.72), (4.78,1.57), (4.92,1.4), (5.06,1.24), (5.19,1.06), (5.21,0.99)]"}],"Star":{"x":6.570000171661377,"y":1.7500001192092896},"Texture":["(0.0,400.0)","(0.99999905,401.0)","(0.0,401.0)","(0.99999905,402.0)","(0.0,402.0)","(1.9999981,402.0)","(1.0,402.0)","(3.9999962,402.0)","(3.0,402.0)","(4.999995,402.0)","(4.0,402.0)","(4.999995,403.0)","(4.0,403.0)","(7.9999924,403.0)","(7.0,403.0)","(11.999989,403.0)","(11.0,403.0)","(19.000006,404.0)","(19.0,404.0)","(26.999998,404.0)","(26.0,404.0)","(33.999992,404.0)","(33.0,404.0)","(42.000008,404.0)","(42.0,404.0)","(52.0,406.0)","(52.0,406.0)","(59.999992,406.0)","(59.0,406.0)","(67.00001,406.0)","(67.0,406.0)","(74.0,406.0)","(74.0,406.0)","(79.99999,406.0)","(79.0,406.0)","(83.99999,406.0)","(83.0,406.0)","(88.999985,406.0)","(88.0,406.0)","(94.00001,407.0)","(94.0,407.0)","(102.0,407.0)","(102.0,407.0)","(111.000015,410.0)","(111.0,411.0)","(115.00001,410.0)","(115.0,411.0)","(121.0,411.0)","(121.0,411.0)","(125.0,411.0)","(125.0,411.0)","(130.0,412.0)","(130.0,413.0)","(136.00002,412.0)","(136.0,413.0)","(145.0,412.0)","(145.0,413.0)","(158.0,412.0)","(158.0,413.0)","(173.0,412.0)","(173.0,413.0)","(188.99998,412.0)","(188.0,413.0)","(207.0,414.0)","(207.0,414.0)","(217.0,414.0)","(217.0,414.0)","(224.0,414.0)","(224.0,414.0)","(231.0,414.0)","(231.0,414.0)","(236.99998,414.0)","(236.0,414.0)","(244.0,414.0)","(244.0,414.0)","(252.0,414.0)","(252.0,414.0)","(260.0,414.0)","(260.0,414.0)","(272.0,414.0)","(272.0,414.0)","(281.0,414.0)","(281.0,414.0)","(287.0,413.0)","(287.0,413.0)","(297.0,413.0)","(297.0,413.0)","(303.0,411.0)","(303.0,411.0)","(308.0,410.0)","(308.0,411.0)","(312.0,410.0)","(312.0,411.0)","(317.0,410.0)","(317.0,411.0)","(325.0,409.0)","(325.0,409.0)","(337.0,407.0)","(337.0,407.0)","(349.0,405.0)","(349.0,405.0)","(363.0,404.0)","(363.0,404.0)","(373.0,401.0)","(373.0,401.0)","(384.0,401.0)","(384.0,401.0)","(393.0,401.0)","(393.0,401.0)","(411.0,399.0)","(411.0,400.0)","(419.99997,397.0)","(419.0,398.0)","(428.00003,397.0)","(428.0,398.0)","(438.0,396.0)","(438.0,396.0)","(448.0,395.0)","(448.0,396.0)","(457.00003,395.0)","(457.0,396.0)","(463.0,395.0)","(463.0,396.0)","(467.99997,393.0)","(467.0,393.0)","(471.0,392.0)","(471.0,392.0)","(477.0,392.0)","(477.0,392.0)","(492.0,389.0)","(492.0,389.0)","(506.0,387.0)","(506.0,387.0)","(518.0,387.0)","(518.0,387.0)","(530.0,386.0)","(530.0,386.0)","(531.0,386.0)","(531.0,386.0)","(538.0,386.0)","(538.0,386.0)","(550.0,386.0)","(550.0,386.0)","(560.0,386.0)","(560.0,386.0)","(568.0,386.0)","(568.0,386.0)","(577.0,386.0)","(577.0,386.0)","(584.0,386.0)","(584.0,386.0)","(592.0,386.0)","(592.0,386.0)","(597.0,386.0)","(597.0,386.0)","(604.0,386.0)","(604.0,386.0)","(612.0,386.0)","(612.0,386.0)","(622.0,386.0)","(622.0,386.0)","(634.0,386.0)","(634.0,386.0)","(641.0,386.0)","(641.0,386.0)","(649.0,386.0)","(649.0,386.0)","(657.0,386.0)","(657.0,386.0)","(665.0,386.0)","(665.0,386.0)","(674.0,386.0)","(674.0,386.0)","(680.0,386.0)","(680.0,386.0)","(684.0,386.0)","(684.0,386.0)","(692.0,386.0)","(692.0,386.0)","(699.0,386.0)","(699.0,386.0)","(707.0,386.0)","(707.0,386.0)","(719.0,386.0)","(719.0,386.0)","(732.0,386.0)","(732.0,386.0)","(746.0,386.0)","(746.0,386.0)","(760.0,386.0)","(760.0,386.0)","(768.0,386.0)","(768.0,386.0)","(776.0,386.0)","(776.0,386.0)","(780.0,386.0)","(780.0,386.0)","(781.0,386.0)","(781.0,386.0)","(783.0,386.0)","(783.0,386.0)","(785.0,386.0)","(785.0,386.0)","(787.0,386.0)","(787.0,386.0)","(788.0,386.0)","(788.0,386.0)","(789.0,386.0)","(789.0,386.0)","(790.0,386.0)","(790.0,386.0)","(791.0,386.0)","(791.0,386.0)","(793.0,386.0)","(793.0,386.0)","(794.0,386.0)","(794.0,386.0)","(794.0,386.0)","(306.0,409.0)","(305.0,407.0)","(305.0,407.0)","(305.0,405.0)","(305.0,405.0)","(306.0,401.0)","(306.0,401.0)","(308.0,399.0)","(308.0,400.0)","(308.0,396.0)","(308.0,396.0)","(310.0,394.0)","(310.0,394.0)","(310.0,392.0)","(310.0,392.0)","(312.0,389.0)","(312.0,389.0)","(312.0,388.0)","(312.0,388.0)","(314.0,385.0)","(314.0,385.0)","(315.0,382.0)","(315.0,382.0)","(316.0,380.0)","(316.0,380.0)","(318.0,375.0)","(318.0,375.0)","(320.0,372.0)","(320.0,372.0)","(321.0,369.0)","(321.0,369.0)","(323.0,364.0)","(323.0,364.0)","(325.0,359.0)","(325.0,359.0)","(328.0,353.0)","(328.0,353.0)","(330.0,350.0)","(330.0,350.0)","(332.0,345.0)","(332.0,345.0)","(335.0,337.0)","(335.0,337.0)","(336.0,333.0)","(336.0,333.0)","(341.0,323.0)","(341.0,323.0)","(341.0,320.0)","(341.0,320.0)","(344.0,316.0)","(344.0,316.0)","(345.0,313.0)","(345.0,313.0)","(345.0,311.0)","(345.0,311.0)","(347.0,309.0)","(347.0,309.0)","(348.0,304.0)","(348.0,304.0)","(350.0,300.0)","(350.0,300.0)","(352.0,296.0)","(352.0,296.0)","(352.0,295.0)","(352.0,295.0)","(355.0,293.0)","(355.0,293.0)","(355.0,290.0)","(355.0,290.0)","(358.0,285.0)","(358.0,285.0)","(359.0,281.0)","(359.0,281.0)","(365.0,271.0)","(365.0,271.0)","(368.0,265.0)","(368.0,265.0)","(369.0,262.0)","(369.0,262.0)","(371.0,257.0)","(371.0,257.0)","(372.0,256.0)","(372.0,256.0)","(372.0,253.0)","(372.0,253.0)","(374.0,251.0)","(374.0,251.0)","(376.0,245.99998)","(376.0,246.0)","(377.0,242.99998)","(377.0,243.0)","(378.0,238.99997)","(378.0,239.0)","(380.0,234.99997)","(380.0,235.0)","(380.0,232.99997)","(380.0,233.0)","(381.0,232.0)","(381.0,232.0)","(381.0,230.99997)","(381.0,231.0)","(382.0,226.99998)","(382.0,227.0)","(382.0,224.99998)","(382.0,225.0)","(383.0,222.99997)","(383.0,223.0)","(384.0,221.99997)","(384.0,222.0)","(384.0,221.0)","(384.0,221.0)","(384.0,220.0)","(384.0,220.0)","(386.0,217.0)","(386.0,217.0)","(386.0,215.0)","(386.0,215.0)","(387.0,215.0)","(387.0,215.0)","(388.0,216.0)","(388.0,216.0)","(390.0,217.0)","(390.0,217.0)","(390.0,218.0)","(390.0,218.0)","(393.0,220.0)","(393.0,220.0)","(395.0,221.99997)","(395.0,222.0)","(397.0,223.99997)","(397.0,224.0)","(398.0,224.99998)","(398.0,225.0)","(399.0,226.99998)","(399.0,227.0)","(402.0,230.0)","(402.0,230.0)","(404.0,232.0)","(404.0,232.0)","(406.0,234.99997)","(406.0,235.0)","(407.00003,236.99997)","(407.0,237.0)","(410.0,240.99998)","(410.0,241.0)","(412.0,242.99998)","(412.0,243.0)","(416.0,246.99998)","(416.0,247.0)","(417.0,249.0)","(417.0,249.0)","(421.0,253.0)","(421.0,253.0)","(426.00003,259.0)","(426.0,259.0)","(432.00003,268.0)","(432.0,268.0)","(437.0,273.0)","(437.0,273.0)","(441.0,277.0)","(441.0,277.0)","(444.99997,282.0)","(444.0,282.0)","(448.99997,286.0)","(448.0,286.0)","(453.00003,294.0)","(453.0,294.0)","(458.0,301.0)","(458.0,301.0)","(464.0,308.0)","(464.0,308.0)","(467.99997,313.0)","(467.0,313.0)","(469.99997,314.0)","(469.0,314.0)","(473.0,318.0)","(473.0,318.0)","(473.99997,320.0)","(473.0,320.0)","(478.00003,323.0)","(478.0,323.0)","(482.00003,329.0)","(482.0,329.0)","(485.0,332.0)","(485.0,332.0)","(488.0,336.0)","(488.0,336.0)","(492.0,340.0)","(492.0,340.0)","(494.0,343.0)","(494.0,343.0)","(494.99997,344.0)","(494.0,344.0)","(496.0,344.0)","(496.0,344.0)","(498.0,347.0)","(498.0,347.0)","(500.0,349.0)","(500.0,349.0)","(503.00003,351.0)","(503.0,351.0)","(504.0,353.0)","(504.0,353.0)","(506.0,356.0)","(506.0,356.0)","(507.00003,357.0)","(507.0,357.0)","(509.0,360.0)","(509.0,360.0)","(511.0,362.0)","(511.0,362.0)","(513.0,365.0)","(513.0,365.0)","(514.0,365.0)",