{"Ball":{"x":0.6800000667572021,"y":4.270000457763672},"Points":[{"0":"[(0.0,3.1800003), (0.0,3.19), (0.2,3.17), (0.43,3.15), (0.63,3.13), (0.86,3.13), (1.05,3.15), (1.25,3.16), (1.46,3.16), (1.67,3.16), (1.88,3.15), (2.08,3.07), (2.22,2.91), (2.41,2.79), (2.62,2.72), (2.8,2.61), (2.98,2.52), (3.17,2.44), (3.37,2.38), (3.53,2.22), (3.72,2.05), (3.87,1.9), (3.98,1.73), (4.06,1.53), (4.11,1.33), (4.19,1.15), (4.23,0.94), (4.26,0.74), (4.28,0.52), (4.28,0.3), (4.31,0.1), (4.32,0.02)]","1":"[(5.11,0.03999996), (5.11,0.06), (5.07,0.32), (5.04,0.52), (5.0,0.74), (4.96,0.96), (4.94,1.18), (4.96,1.38), (5.14,1.49), (5.35,1.46), (5.56,1.43), (5.8,1.41), (6.02,1.41), (6.21,1.48), (6.37,1.63), (6.48,1.81), (6.6,2.0), (6.76,2.15), (6.95,2.03), (6.98,1.82), (6.98,1.6), (6.97,1.4), (6.94,1.2), (6.92,1.0), (6.92,0.79), (6.93,0.59), (6.93,0.37), (6.93,0.15), (6.95,-0.05), (6.95,-0.16)]"}],"Star":{"x":5.820000171661377,"y":2.6600000858306885},"Texture":["(0.0,162.0)","(0.0,161.0)","(0.0,161.0)","(1.9999981,161.0)","(1.0,161.0)","(5.9999943,161.0)","(5.0,161.0)","(8.999991,161.0)","(8.0,161.0)","(9.99999,161.0)","(9.0,161.0)","(13.000011,161.0)","(13.0,161.0)","(16.000008,161.99997)","(16.0,162.0)","(20.000004,163.0)","(20.0,163.0)","(24.0,163.0)","(24.0,163.0)","(29.999996,163.0)","(29.0,163.0)","(33.999992,163.0)","(33.0,163.0)","(36.000015,163.0)","(36.0,163.0)","(38.00001,165.0)","(38.0,165.0)","(38.999985,165.0)","(38.0,165.0)","(43.000008,165.0)","(43.0,165.0)","(46.000004,166.0)","(46.0,166.0)","(49.0,166.0)","(49.0,166.0)","(52.999996,167.0)","(52.0,167.0)","(58.999992,167.0)","(58.0,167.0)","(63.00001,167.0)","(63.0,167.0)","(66.00001,167.0)","(66.0,167.0)","(71.0,167.0)","(71.0,167.0)","(74.0,167.0)","(74.0,167.0)","(75.0,167.0)","(75.0,167.0)","(76.0,167.0)","(76.0,167.0)","(77.0,167.0)","(77.0,167.0)","(79.0,167.0)","(79.0,167.0)","(80.99999,167.0)","(80.0,167.0)","(82.99999,167.0)","(82.0,167.0)","(86.000015,167.0)","(86.0,167.0)","(86.999985,167.0)","(86.0,167.0)","(88.000015,167.0)","(88.0,167.0)","(90.00001,167.0)","(90.0,167.0)","(92.00001,167.0)","(92.0,167.0)","(95.00001,167.0)","(95.0,167.0)","(96.0,167.0)","(96.0,167.0)","(98.0,167.0)","(98.0,167.0)","(99.0,167.0)","(99.0,167.0)","(102.0,166.0)","(102.0,166.0)","(105.99999,165.0)","(105.0,165.0)","(107.99999,165.0)","(107.0,165.0)","(111.000015,165.0)","(111.0,165.0)","(113.000015,163.99997)","(113.0,164.0)","(113.999985,163.99997)","(113.0,164.0)","(115.00001,163.99997)","(115.0,164.0)","(117.00001,163.99997)","(117.0,164.0)","(117.999985,163.99997)","(117.0,164.0)","(121.0,163.99997)","(121.0,164.0)","(123.0,163.99997)","(123.0,164.0)","(125.0,163.99997)","(125.0,164.0)","(126.0,163.99997)","(126.0,164.0)","(127.0,163.99997)","(127.0,164.0)","(131.0,163.99997)","(131.0,164.0)","(133.0,163.99997)","(133.0,164.0)","(136.99998,163.99997)","(136.0,164.0)","(138.99998,163.99997)","(138.0,164.0)","(140.00002,163.99997)","(140.0,164.0)","(142.0,163.99997)","(142.0,164.0)","(142.99998,163.99997)","(142.0,164.0)","(144.0,163.99997)","(144.0,164.0)","(146.0,163.99997)","(146.0,164.0)","(149.0,163.99997)","(149.0,164.0)","(150.0,163.99997)","(150.0,164.0)","(152.0,163.99997)","(152.0,164.0)","(155.0,163.99997)","(155.0,164.0)","(157.00002,163.99997)","(157.0,164.0)","(159.99998,163.99997)","(159.0,164.0)","(163.99998,163.99997)","(163.0,164.0)","(165.00002,163.99997)","(165.0,164.0)","(167.0,163.99997)","(167.0,164.0)","(167.99998,163.99997)","(167.0,164.0)","(170.0,163.99997)","(170.0,164.0)","(171.0,163.99997)","(171.0,164.0)","(176.0,163.99997)","(176.0,164.0)","(179.0,163.99997)","(179.0,164.0)","(181.0,163.99997)","(181.0,164.0)","(183.0,163.99997)","(183.0,164.0)","(186.00002,163.99997)","(186.0,164.0)","(188.99998,165.0)","(188.0,165.0)","(192.99998,166.0)","(192.0,166.0)","(195.0,166.0)","(195.0,166.0)","(196.0,166.0)","(196.0,166.0)","(197.0,167.0)","(197.0,167.0)","(198.0,167.0)","(198.0,167.0)","(200.0,169.0)","(200.0,169.0)","(205.0,172.0)","(205.0,172.0)","(208.99998,172.99997)","(208.0,173.0)","(210.99998,176.0)","(210.0,176.0)","(213.00002,176.0)","(213.0,176.0)","(213.00002,176.99997)","(213.0,177.0)","(214.00002,176.99997)","(214.0,177.0)","(215.00002,178.99997)","(215.0,179.0)","(217.0,180.0)","(217.0,180.0)","(217.0,181.0)","(217.0,181.0)","(218.0,183.0)","(218.0,183.0)","(219.0,184.0)","(219.0,184.0)","(220.0,185.0)","(220.0,185.0)","(220.0,187.0)","(220.0,187.0)","(222.0,189.0)","(222.0,189.0)","(223.0,191.0)","(223.0,191.0)","(225.0,192.0)","(225.0,192.0)","(226.0,193.0)","(226.0,193.0)","(229.0,195.0)","(229.0,195.0)","(233.0,196.99997)","(233.0,197.0)","(241.00002,200.99997)","(241.0,201.0)","(243.0,202.0)","(243.0,202.0)","(246.0,202.99997)","(246.0,203.0)","(248.0,204.0)","(248.0,204.0)","(251.0,204.99997)","(251.0,205.0)","(254.0,206.0)","(254.0,206.0)","(257.0,206.0)","(257.0,206.0)","(262.0,208.0)","(262.0,208.0)","(265.0,208.99997)","(265.0,209.0)","(267.0,210.0)","(267.0,210.0)","(269.0,211.0)","(269.0,211.0)","(269.0,212.0)","(269.0,212.0)","(272.0,212.0)","(272.0,212.0)","(275.0,215.0)","(275.0,215.0)","(277.0,217.0)","(277.0,217.0)","(280.0,219.0)","(280.0,219.0)","(282.0,219.0)","(282.0,219.0)","(286.0,221.0)","(286.0,221.0)","(289.0,221.99997)","(289.0,222.0)","(289.0,222.99997)","(289.0,223.0)","(290.0,222.99997)","(290.0,223.0)","(291.0,222.99997)","(291.0,223.0)","(292.0,224.99998)","(292.0,225.0)","(295.0,226.0)","(295.0,226.0)","(297.0,226.99998)","(297.0,227.0)","(298.0,228.0)","(298.0,228.0)","(299.0,228.99997)","(299.0,229.0)","(301.0,230.0)","(301.0,230.0)","(304.0,232.0)","(304.0,232.0)","(307.0,232.0)","(307.0,232.0)","(308.0,232.99997)","(308.0,233.0)","(311.0,234.0)","(311.0,234.0)","(312.0,234.99997)","(312.0,235.0)","(317.0,236.0)","(317.0,236.0)","(323.0,238.99997)","(323.0,239.0)","(331.0,239.99998)","(331.0,240.0)","(335.0,241.99998)","(335.0,242.0)","(337.0,241.99998)","(337.0,242.0)","(338.0,242.99998)","(338.0,243.0)","(340.0,242.99998)","(340.0,243.0)","(341.0,243.99998)","(341.0,244.0)","(342.0,244.99998)","(342.0,245.0)","(343.0,245.99998)","(343.0,246.0)","(344.0,246.99998)","(344.0,247.0)","(345.0,248.0)","(345.0,248.0)","(348.0,252.0)","(348.0,252.0)","(350.0,255.0)","(350.0,255.0)","(351.0,256.0)","(351.0,256.0)","(353.0,258.0)","(353.0,258.0)","(354.0,260.0)","(354.0,260.0)","(356.0,261.0)","(356.0,261.0)","(357.0,262.0)","(357.0,262.0)","(359.0,265.0)","(359.0,265.0)","(362.0,267.0)","(362.0,267.0)","(367.0,271.0)","(367.0,271.0)","(372.0,275.0)","(372.0,275.0)","(374.0,276.0)","(374.0,276.0)","(376.0,277.0)","(376.0,277.0)","(377.0,278.0)","(377.0,278.0)","(377.0,279.0)","(377.0,279.0)","(379.0,280.0)","(379.0,280.0)","(381.0,282.0)","(381.0,282.0)","(382.0,284.0)","(382.0,284.0)","(383.0,286.0)","(383.0,286.0)","(384.0,287.0)","(384.0,287.0)","(385.0,288.0)","(385.0,288.0)","(387.0,290.0)","(387.0,290.0)","(387.0,293.0)","(387.0,293.0)","(388.0,294.0)","(388.0,294.0)","(390.0,296.0)","(390.0,296.0)","(392.0,300.0)","(392.0,300.0)","(394.0,302.0)","(394.0,302.0)","(395.0,304.0)","(395.0,304.0)","(396.0,305.0)","(396.0,305.0)","(397.0,306.0)","(397.0,306.0)","(398.0,307.0)","(398.0,307.0)","(400.0,310.0)","(400.0,310.0)","(401.00003,312.0)","(401.0,312.0)","(402.0,313.0)","(402.0,313.0)","(403.00003,315.0)","(403.0,315.0)","(403.00003,317.0)","(403.0,317.0)","(403.00003,319.0)","(403.0,319.0)","(404.0,322.0)","(404.0,322.0)","(405.00003,324.0)","(405.0,324.0)","(405.00003,325.0)","(405.0,325.0)","(406.0,327.0)","(406.0,327.0)","(406.0,328.0)","(406.0,328.0)","(406.0,329.0)","(406.0,329.0)","(406.0,331.0)","(406.0,331.0)","(406.0,333.0)","(406.0,333.0)","(407.00003,335.0)","(407.0,335.0)","(408.0,338.0)","(408.0,338.0)","(409.0,341.0)","(409.0,341.0)","(410.0,343.0)","(410.0,343.0)","(410.0,344.0)","(410.0,344.0)","(411.0,347.0)","(411.0,347.0)","(413.0,352.0)","(413.0,352.0)","(415.0,355.0)","(415.0,355.0)","(416.0,357.0)","(416.0,357.0)","(417.0,358.0)","(417.0,358.0)","(417.0,360.0)","(417.0,360.0)","(419.0,362.0)","(419.0,362.0)",